{
	"credit": "Made with Blockbench",
	"ambientocclusion": false,
	"textures": {
		"1": "blocks/birch_leaves/leaves_birch_02",
		"3": "blocks/birch_leaves/leaves_birch_01",
		"particle": "blocks/birch_leaves/leaves_birch_01"
	},
	"elements": [
		{
			"from": [12, -6, -8],
			"to": [12, 16, 14],
			"shade": false,
			"rotation": {"angle": 45, "axis": "z", "origin": [8, 11, 7]},
			"faces": {
				"north": {"uv": [0, 0, 0, 0], "rotation": 270, "texture": "null"},
				"east": {"uv": [0, 0, 16, 16], "rotation": 180, "texture": "#3", "tintindex": -1},
				"south": {"uv": [0, 0, 0, 0], "rotation": 90, "texture": "null"},
				"west": {"uv": [0, 16, 16, 0], "texture": "#3", "tintindex": -1},
				"up": {"uv": [0, 0, 0, 0], "rotation": 270, "texture": "null"},
				"down": {"uv": [0, 0, 0, 0], "rotation": 90, "texture": "null"}
			}
		},
		{
			"from": [4, -6, 2],
			"to": [4, 16, 24],
			"shade": false,
			"rotation": {"angle": -45, "axis": "z", "origin": [8, 11, 9]},
			"faces": {
				"north": {"uv": [0, 0, 0, 0], "rotation": 90, "texture": "null"},
				"east": {"uv": [0, 16, 16, 0], "texture": "#3", "tintindex": -1},
				"south": {"uv": [0, 0, 0, 0], "rotation": 270, "texture": "null"},
				"west": {"uv": [0, 0, 16, 16], "rotation": 180, "texture": "#3", "tintindex": -1},
				"up": {"uv": [0, 0, 0, 0], "rotation": 90, "texture": "null"},
				"down": {"uv": [0, 0, 0, 0], "rotation": 90, "texture": "null"}
			}
		},
		{
			"from": [2, -6, 12],
			"to": [24, 16, 12],
			"shade": false,
			"rotation": {"angle": -45, "axis": "x", "origin": [9, 11, 8]},
			"faces": {
				"north": {"uv": [0, 16, 16, 0], "texture": "#3", "tintindex": -1},
				"east": {"uv": [0, 0, 0, 0], "rotation": 270, "texture": "null"},
				"south": {"uv": [0, 0, 16, 16], "rotation": 180, "texture": "#3", "tintindex": -1},
				"west": {"uv": [0, 0, 0, 0], "rotation": 90, "texture": "null"},
				"up": {"uv": [0, 0, 0, 0], "texture": "null"},
				"down": {"uv": [0, 0, 0, 0], "rotation": 180, "texture": "null"}
			}
		},
		{
			"from": [-8, -6, 4],
			"to": [14, 16, 4],
			"shade": false,
			"rotation": {"angle": 45, "axis": "x", "origin": [8, 11, 8]},
			"faces": {
				"north": {"uv": [0, 0, 16, 16], "rotation": 180, "texture": "#3", "tintindex": -1},
				"east": {"uv": [0, 0, 0, 0], "rotation": 90, "texture": "null"},
				"south": {"uv": [0, 16, 16, 0], "texture": "#3", "tintindex": -1},
				"west": {"uv": [0, 0, 0, 0], "rotation": 270, "texture": "null"},
				"up": {"uv": [0, 0, 0, 0], "rotation": 180, "texture": "null"},
				"down": {"uv": [0, 0, 0, 0], "texture": "null"}
			}
		},
		{
			"from": [-14, 18, -4],
			"to": [8, 18, 18],
			"shade": false,
			"rotation": {"angle": 45, "axis": "z", "origin": [8, 19, 9]},
			"faces": {
				"north": {"uv": [0, 0, 0, 0], "texture": "null"},
				"east": {"uv": [0, 0, 0, 0], "rotation": 180, "texture": "null"},
				"south": {"uv": [0, 0, 0, 0], "texture": "null"},
				"west": {"uv": [0, 0, 0, 0], "rotation": 180, "texture": "null"},
				"up": {"uv": [0, 0, 16, 16], "rotation": 180, "texture": "#3", "tintindex": -1},
				"down": {"uv": [0, 16, 16, 0], "rotation": 180, "texture": "#3", "tintindex": -1}
			}
		},
		{
			"from": [-2, -3, 9],
			"to": [20, 19, 9],
			"shade": false,
			"rotation": {"angle": 45, "axis": "x", "origin": [8, 19, 8]},
			"faces": {
				"north": {"uv": [0, 0, 16, 16], "rotation": 90, "texture": "#3", "tintindex": -1},
				"east": {"uv": [0, 0, 0, 0], "rotation": 90, "texture": "null"},
				"south": {"uv": [0, 16, 16, 0], "rotation": 90, "texture": "#3", "tintindex": -1},
				"west": {"uv": [0, 0, 0, 0], "rotation": 270, "texture": "null"},
				"up": {"uv": [0, 0, 0, 0], "rotation": 180, "texture": "null"},
				"down": {"uv": [0, 0, 0, 0], "texture": "null"}
			}
		},
		{
			"from": [8, 18, -2],
			"to": [30, 18, 20],
			"shade": false,
			"rotation": {"angle": -45, "axis": "z", "origin": [8, 19, 7]},
			"faces": {
				"north": {"uv": [0, 0, 0, 0], "texture": "null"},
				"east": {"uv": [0, 0, 0, 0], "texture": "null"},
				"south": {"uv": [0, 0, 0, 0], "texture": "null"},
				"west": {"uv": [0, 0, 0, 0], "texture": "null"},
				"up": {"uv": [0, 0, 16, 16], "texture": "#3", "tintindex": -1},
				"down": {"uv": [0, 16, 16, 0], "texture": "#3", "tintindex": -1}
			}
		},
		{
			"from": [-4, 18, 8],
			"to": [18, 18, 30],
			"shade": false,
			"rotation": {"angle": 45, "axis": "x", "origin": [9, 19, 8]},
			"faces": {
				"north": {"uv": [0, 0, 0, 0], "rotation": 180, "texture": "null"},
				"east": {"uv": [0, 0, 0, 0], "texture": "null"},
				"south": {"uv": [0, 0, 0, 0], "rotation": 180, "texture": "null"},
				"west": {"uv": [0, 0, 0, 0], "texture": "null"},
				"up": {"uv": [0, 0, 16, 16], "rotation": 90, "texture": "#3", "tintindex": -1},
				"down": {"uv": [0, 16, 16, 0], "rotation": 270, "texture": "#3", "tintindex": -1}
			}
		},
		{
			"from": [2, 17, 0],
			"to": [24, 17, 22],
			"shade": false,
			"rotation": {"angle": -22.5, "axis": "z", "origin": [8, 14, 8]},
			"faces": {
				"north": {"uv": [0, 0, 0, 0], "rotation": 180, "texture": "null"},
				"east": {"uv": [0, 0, 0, 0], "texture": "null"},
				"south": {"uv": [0, 0, 0, 0], "rotation": 180, "texture": "null"},
				"west": {"uv": [0, 0, 0, 0], "texture": "null"},
				"up": {"uv": [0, 0, 16, 16], "rotation": 90, "texture": "#3", "tintindex": -1},
				"down": {"uv": [0, 16, 16, 0], "rotation": 270, "texture": "#3", "tintindex": -1}
			}
		},
		{
			"from": [0, 17, -8],
			"to": [22, 17, 14],
			"shade": false,
			"rotation": {"angle": -22.5, "axis": "x", "origin": [8, 14, 8]},
			"faces": {
				"north": {"uv": [0, 0, 0, 0], "texture": "null"},
				"east": {"uv": [0, 0, 0, 0], "rotation": 180, "texture": "null"},
				"south": {"uv": [0, 0, 0, 0], "texture": "null"},
				"west": {"uv": [0, 0, 0, 0], "rotation": 180, "texture": "null"},
				"up": {"uv": [0, 0, 16, 16], "texture": "#3", "tintindex": -1},
				"down": {"uv": [0, 16, 16, 0], "texture": "#3", "tintindex": -1}
			}
		},
		{
			"from": [-8, 17, -6],
			"to": [14, 17, 16],
			"shade": false,
			"rotation": {"angle": 22.5, "axis": "z", "origin": [8, 14, 8]},
			"faces": {
				"north": {"uv": [0, 0, 0, 0], "rotation": 180, "texture": "null"},
				"east": {"uv": [0, 0, 0, 0], "rotation": 180, "texture": "null"},
				"south": {"uv": [0, 0, 0, 0], "rotation": 180, "texture": "null"},
				"west": {"uv": [0, 0, 0, 0], "rotation": 180, "texture": "null"},
				"up": {"uv": [0, 0, 16, 16], "rotation": 270, "texture": "#3", "tintindex": -1},
				"down": {"uv": [0, 16, 16, 0], "rotation": 90, "texture": "#3", "tintindex": -1}
			}
		},
		{
			"from": [-6, 17, 2],
			"to": [16, 17, 24],
			"shade": false,
			"rotation": {"angle": 22.5, "axis": "x", "origin": [8, 14, 8]},
			"faces": {
				"north": {"uv": [0, 0, 0, 0], "texture": "null"},
				"east": {"uv": [0, 0, 0, 0], "texture": "null"},
				"south": {"uv": [0, 0, 0, 0], "texture": "null"},
				"west": {"uv": [0, 0, 0, 0], "texture": "null"},
				"up": {"uv": [0, 0, 16, 16], "rotation": 180, "texture": "#3", "tintindex": -1},
				"down": {"uv": [0, 16, 16, 0], "rotation": 180, "texture": "#3", "tintindex": -1}
			}
		},
		{
			"from": [-7, -9, 9],
			"to": [15, 13, 9],
			"shade": false,
			"rotation": {"angle": -45, "axis": "x", "origin": [8, 8, 8]},
			"faces": {
				"north": {"uv": [0, 16, 16, 0], "texture": "#1", "tintindex": -1},
				"east": {"uv": [0, 0, 0, 0], "rotation": 270, "texture": "null"},
				"south": {"uv": [0, 0, 16, 16], "rotation": 180, "texture": "#1", "tintindex": -1},
				"west": {"uv": [0, 0, 0, 0], "rotation": 90, "texture": "null"},
				"up": {"uv": [0, 0, 0, 0], "texture": "null"},
				"down": {"uv": [0, 0, 0, 0], "rotation": 180, "texture": "null"}
			}
		},
		{
			"from": [9, -9, 1],
			"to": [9, 13, 23],
			"shade": false,
			"rotation": {"angle": 45, "axis": "z", "origin": [8, 8, 8]},
			"faces": {
				"north": {"uv": [0, 0, 0, 0], "rotation": 270, "texture": "null"},
				"east": {"uv": [0, 0, 16, 16], "rotation": 180, "texture": "#1", "tintindex": -1},
				"south": {"uv": [0, 0, 0, 0], "rotation": 90, "texture": "null"},
				"west": {"uv": [0, 16, 16, 0], "texture": "#1", "tintindex": -1},
				"up": {"uv": [0, 0, 0, 0], "rotation": 270, "texture": "null"},
				"down": {"uv": [0, 0, 0, 0], "rotation": 90, "texture": "null"}
			}
		},
		{
			"from": [1, -9, 7],
			"to": [23, 13, 7],
			"shade": false,
			"rotation": {"angle": 45, "axis": "x", "origin": [8, 8, 8]},
			"faces": {
				"north": {"uv": [0, 0, 16, 16], "rotation": 180, "texture": "#1", "tintindex": -1},
				"east": {"uv": [0, 0, 0, 0], "rotation": 90, "texture": "null"},
				"south": {"uv": [0, 16, 16, 0], "texture": "#1", "tintindex": -1},
				"west": {"uv": [0, 0, 0, 0], "rotation": 270, "texture": "null"},
				"up": {"uv": [0, 0, 0, 0], "rotation": 180, "texture": "null"},
				"down": {"uv": [0, 0, 0, 0], "texture": "null"}
			}
		},
		{
			"from": [7, -9, -7],
			"to": [7, 13, 15],
			"shade": false,
			"rotation": {"angle": -45, "axis": "z", "origin": [8, 8, 8]},
			"faces": {
				"north": {"uv": [0, 0, 0, 0], "rotation": 90, "texture": "null"},
				"east": {"uv": [0, 16, 16, 0], "texture": "#1", "tintindex": -1},
				"south": {"uv": [0, 0, 0, 0], "rotation": 270, "texture": "null"},
				"west": {"uv": [0, 0, 16, 16], "rotation": 180, "texture": "#1", "tintindex": -1},
				"up": {"uv": [0, 0, 0, 0], "rotation": 90, "texture": "null"},
				"down": {"uv": [0, 0, 0, 0], "rotation": 90, "texture": "null"}
			}
		}
	],
	"display": {
		"thirdperson_righthand": {
			"rotation": [75, 45, 0],
			"translation": [0, 2.5, 0],
			"scale": [0.375, 0.375, 0.375]
		},
		"firstperson_righthand": {
			"rotation": [0, 45, 0],
			"scale": [0.4, 0.4, 0.4]
		},
		"firstperson_lefthand": {
			"rotation": [0, 225, 0],
			"scale": [0.4, 0.4, 0.4]
		},
		"ground": {
			"translation": [0, 3, 0],
			"scale": [0.25, 0.25, 0.25]
		},
		"gui": {
			"rotation": [30, 225, 0],
			"scale": [0.625, 0.625, 0.625]
		},
		"fixed": {
			"scale": [0.5, 0.5, 0.5]
		}
	}
}