{
    "ambientocclusion": false,
    "textures": {
        "particle": "#cross"
    },
	"elements": [
		{
			"from": [-0.61421, -1, 8],
			"to": [16.78579, 19, 8],
			"shade": false,
			"rotation": {"angle": 45, "axis": "y", "origin": [8, 8, 8], "rescale": true},
			"faces": {
				"north": {"uv": [0, 0, 16, 16], "texture": "#cross"},
				"south": {"uv": [0, 0, 16, 16], "texture": "#cross"}
			}
		},
		{
			"from": [8, -1, -0.61421],
			"to": [8, 19, 16.78579],
			"shade": false,
			"rotation": {"angle": 45, "axis": "y", "origin": [8, 8, 8], "rescale": true},
			"faces": {
				"east": {"uv": [0, 0, 16, 16], "texture": "#cross"},
				"west": {"uv": [0, 0, 16, 16], "texture": "#cross"}
			}
		}
	]
}
